"id","gen","sp","ssp","en","lat","lng","file","q","rec_length","species"
"231910","Tympanuchus","pallidicinctus","","Lesser Prairie Chicken",37.0846,-102.4963,"//www.xeno-canto.org/231910/download","A",23,"Tympanuchus pallidicinctus"
"100769","Tympanuchus","pallidicinctus","","Lesser Prairie Chicken",37.9559,-102.3945,"//www.xeno-canto.org/100769/download","A",13,"Tympanuchus pallidicinctus"
"100768","Tympanuchus","pallidicinctus","","Lesser Prairie Chicken",37.9559,-102.3945,"//www.xeno-canto.org/100768/download","A",65,"Tympanuchus pallidicinctus"
"33963","Tympanuchus","pallidicinctus","","Lesser Prairie Chicken",37.956109,-102.39463,"//www.xeno-canto.org/33963/download","A",35,"Tympanuchus pallidicinctus"
"33962","Tympanuchus","pallidicinctus","","Lesser Prairie Chicken",37.956109,-102.39463,"//www.xeno-canto.org/33962/download","A",77,"Tympanuchus pallidicinctus"
"33961","Tympanuchus","pallidicinctus","","Lesser Prairie Chicken",37.956109,-102.39463,"//www.xeno-canto.org/33961/download","A",11,"Tympanuchus pallidicinctus"
"33960","Tympanuchus","pallidicinctus","","Lesser Prairie Chicken",37.956109,-102.39463,"//www.xeno-canto.org/33960/download","A",59,"Tympanuchus pallidicinctus"
"33959","Tympanuchus","pallidicinctus","","Lesser Prairie Chicken",37.956109,-102.39463,"//www.xeno-canto.org/33959/download","A",50,"Tympanuchus pallidicinctus"
"432491","Rallus","elegans","elegans","King Rail",30.415,-91.179,"//www.xeno-canto.org/432491/download","A",44,"Rallus elegans"
"383661","Rallus","elegans","","King Rail",29.7464,-93.9368,"//www.xeno-canto.org/383661/download","A",63,"Rallus elegans"
"383659","Rallus","elegans","","King Rail",29.7464,-93.9368,"//www.xeno-canto.org/383659/download","A",21,"Rallus elegans"
"383633","Rallus","elegans","","King Rail",38.1601,-98.4913,"//www.xeno-canto.org/383633/download","A",54,"Rallus elegans"
"368533","Rallus","elegans","","King Rail",29.951,-93.079,"//www.xeno-canto.org/368533/download","A",10,"Rallus elegans"
"107614","Rallus","elegans","","King Rail",33.734,-94.648,"//www.xeno-canto.org/107614/download","A",24,"Rallus elegans"
"81286","Rallus","elegans","","King Rail",29.951,-93.079,"//www.xeno-canto.org/81286/download","A",22,"Rallus elegans"
"81282","Rallus","elegans","","King Rail",29.771,-93.131,"//www.xeno-canto.org/81282/download","A",7,"Rallus elegans"
"81281","Rallus","elegans","","King Rail",29.771,-93.131,"//www.xeno-canto.org/81281/download","A",51,"Rallus elegans"
"81280","Rallus","elegans","","King Rail",29.771,-93.131,"//www.xeno-canto.org/81280/download","A",10,"Rallus elegans"
"24757","Rallus","elegans","","King Rail",29.592565,-94.478302,"//www.xeno-canto.org/24757/download","A",36,"Rallus elegans"
"24756","Rallus","elegans","","King Rail",29.592565,-94.478302,"//www.xeno-canto.org/24756/download","A",37,"Rallus elegans"
"453027","Numenius","americanus","","Long-billed Curlew",26.0241,-97.4098,"//www.xeno-canto.org/453027/download","A",42,"Numenius americanus"
"179500","Numenius","americanus","","Long-billed Curlew",37.2599,-103.1204,"//www.xeno-canto.org/179500/download","A",104,"Numenius americanus"
"179497","Numenius","americanus","","Long-billed Curlew",37.2599,-103.1204,"//www.xeno-canto.org/179497/download","A",93,"Numenius americanus"
"179483","Numenius","americanus","","Long-billed Curlew",37.3377,-103.0506,"//www.xeno-canto.org/179483/download","A",51,"Numenius americanus"
"179344","Numenius","americanus","","Long-billed Curlew",37.2599,-103.1204,"//www.xeno-canto.org/179344/download","A",71,"Numenius americanus"
"13613","Numenius","americanus","","Long-billed Curlew",37.5881,-103.2401,"//www.xeno-canto.org/13613/download","A",8,"Numenius americanus"
"13612","Numenius","americanus","","Long-billed Curlew",37.5881,-103.2401,"//www.xeno-canto.org/13612/download","A",29,"Numenius americanus"
"13611","Numenius","americanus","","Long-billed Curlew",37.5881,-103.2401,"//www.xeno-canto.org/13611/download","A",63,"Numenius americanus"
"368470","Glaucidium","brasilianum","","Ferruginous Pygmy Owl",26.5553,-98.068,"//www.xeno-canto.org/368470/download","A",100,"Glaucidium brasilianum"
"368467","Glaucidium","brasilianum","","Ferruginous Pygmy Owl",26.5553,-98.068,"//www.xeno-canto.org/368467/download","A",47,"Glaucidium brasilianum"
"306539","Glaucidium","brasilianum","","Ferruginous Pygmy Owl",26.5427,-97.5607,"//www.xeno-canto.org/306539/download","A",29,"Glaucidium brasilianum"
"154975","Glaucidium","brasilianum","","Ferruginous Pygmy Owl",26.5553,-98.068,"//www.xeno-canto.org/154975/download","A",50,"Glaucidium brasilianum"
"154973","Glaucidium","brasilianum","","Ferruginous Pygmy Owl",26.5553,-98.068,"//www.xeno-canto.org/154973/download","A",9,"Glaucidium brasilianum"
"154972","Glaucidium","brasilianum","","Ferruginous Pygmy Owl",26.5553,-98.068,"//www.xeno-canto.org/154972/download","A",141,"Glaucidium brasilianum"
"551450","Melanerpes","erythrocephalus","","Red-headed Woodpecker",38.2611,-98.644,"//www.xeno-canto.org/551450/download","A",135,"Melanerpes erythrocephalus"
"551447","Melanerpes","erythrocephalus","","Red-headed Woodpecker",38.2611,-98.644,"//www.xeno-canto.org/551447/download","A",34,"Melanerpes erythrocephalus"
"551445","Melanerpes","erythrocephalus","","Red-headed Woodpecker",38.2611,-98.644,"//www.xeno-canto.org/551445/download","A",34,"Melanerpes erythrocephalus"
"188769","Melanerpes","erythrocephalus","","Red-headed Woodpecker",36.9909,-102.8403,"//www.xeno-canto.org/188769/download","A",128,"Melanerpes erythrocephalus"
"188768","Melanerpes","erythrocephalus","","Red-headed Woodpecker",36.9909,-102.8403,"//www.xeno-canto.org/188768/download","A",18,"Melanerpes erythrocephalus"
"188767","Melanerpes","erythrocephalus","","Red-headed Woodpecker",37.0175,-102.8263,"//www.xeno-canto.org/188767/download","A",48,"Melanerpes erythrocephalus"
"188766","Melanerpes","erythrocephalus","","Red-headed Woodpecker",37.0175,-102.8263,"//www.xeno-canto.org/188766/download","A",7,"Melanerpes erythrocephalus"
"188765","Melanerpes","erythrocephalus","","Red-headed Woodpecker",37.0175,-102.8263,"//www.xeno-canto.org/188765/download","A",10,"Melanerpes erythrocephalus"
"188764","Melanerpes","erythrocephalus","","Red-headed Woodpecker",37.0175,-102.8263,"//www.xeno-canto.org/188764/download","A",10,"Melanerpes erythrocephalus"
"305372","Melanerpes","aurifrons","","Golden-fronted Woodpecker",27.3178,-97.6797,"//www.xeno-canto.org/305372/download","A",12,"Melanerpes aurifrons"
"297554","Melanerpes","aurifrons","","Golden-fronted Woodpecker",26.5151,-99.1156,"//www.xeno-canto.org/297554/download","A",4,"Melanerpes aurifrons"
"285322","Melanerpes","aurifrons","","Golden-fronted Woodpecker",26.1762,-98.3862,"//www.xeno-canto.org/285322/download","A",137,"Melanerpes aurifrons"
"176147","Melanerpes","aurifrons","","Golden-fronted Woodpecker",28.4732,-98.2555,"//www.xeno-canto.org/176147/download","A",2,"Melanerpes aurifrons"
"143913","Melanerpes","aurifrons","","Golden-fronted Woodpecker",30.0091,-99.6917,"//www.xeno-canto.org/143913/download","A",9,"Melanerpes aurifrons"
"143912","Melanerpes","aurifrons","","Golden-fronted Woodpecker",30.0091,-99.6917,"//www.xeno-canto.org/143912/download","A",10,"Melanerpes aurifrons"
"143910","Melanerpes","aurifrons","","Golden-fronted Woodpecker",29.1823,-102.9595,"//www.xeno-canto.org/143910/download","A",35,"Melanerpes aurifrons"
"143907","Melanerpes","aurifrons","","Golden-fronted Woodpecker",29.1823,-102.9595,"//www.xeno-canto.org/143907/download","A",40,"Melanerpes aurifrons"
"143905","Melanerpes","aurifrons","","Golden-fronted Woodpecker",29.1823,-102.9595,"//www.xeno-canto.org/143905/download","A",5,"Melanerpes aurifrons"
"109195","Melanerpes","aurifrons","","Golden-fronted Woodpecker",29.1823,-102.9595,"//www.xeno-canto.org/109195/download","A",120,"Melanerpes aurifrons"
"109173","Melanerpes","aurifrons","","Golden-fronted Woodpecker",29.1823,-102.9595,"//www.xeno-canto.org/109173/download","A",9,"Melanerpes aurifrons"
"109172","Melanerpes","aurifrons","","Golden-fronted Woodpecker",29.137,-103.521,"//www.xeno-canto.org/109172/download","A",46,"Melanerpes aurifrons"
"21853","Melanerpes","aurifrons","","Golden-fronted Woodpecker",28.1137,-97.4228,"//www.xeno-canto.org/21853/download","A",4,"Melanerpes aurifrons"
"5773","Melanerpes","aurifrons","","Golden-fronted Woodpecker",26.1734,-98.3606,"//www.xeno-canto.org/5773/download","A",11,"Melanerpes aurifrons"
"507693","Pitangus","sulphuratus","","Great Kiskadee",26.2035,-97.4135,"//www.xeno-canto.org/507693/download","A",14,"Pitangus sulphuratus"
"453018","Pitangus","sulphuratus","","Great Kiskadee",26.5151,-99.1156,"//www.xeno-canto.org/453018/download","A",11,"Pitangus sulphuratus"
"452992","Pitangus","sulphuratus","","Great Kiskadee",26.5151,-99.1156,"//www.xeno-canto.org/452992/download","A",5,"Pitangus sulphuratus"
"440256","Pitangus","sulphuratus","","Great Kiskadee",28.2366,-96.861,"//www.xeno-canto.org/440256/download","A",35,"Pitangus sulphuratus"
"362279","Pitangus","sulphuratus","","Great Kiskadee",26.5151,-99.1156,"//www.xeno-canto.org/362279/download","A",134,"Pitangus sulphuratus"
"361496","Pitangus","sulphuratus","","Great Kiskadee",26.0737,-98.1442,"//www.xeno-canto.org/361496/download","A",19,"Pitangus sulphuratus"
"360954","Pitangus","sulphuratus","","Great Kiskadee",26.0737,-98.1442,"//www.xeno-canto.org/360954/download","A",18,"Pitangus sulphuratus"
"360953","Pitangus","sulphuratus","","Great Kiskadee",26.0737,-98.1442,"//www.xeno-canto.org/360953/download","A",92,"Pitangus sulphuratus"
"360732","Pitangus","sulphuratus","","Great Kiskadee",26.5151,-99.1156,"//www.xeno-canto.org/360732/download","A",7,"Pitangus sulphuratus"
"360723","Pitangus","sulphuratus","","Great Kiskadee",26.5151,-99.1156,"//www.xeno-canto.org/360723/download","A",19,"Pitangus sulphuratus"
"360719","Pitangus","sulphuratus","","Great Kiskadee",26.5151,-99.1156,"//www.xeno-canto.org/360719/download","A",20,"Pitangus sulphuratus"
"360625","Pitangus","sulphuratus","","Great Kiskadee",26.5151,-99.1156,"//www.xeno-canto.org/360625/download","A",12,"Pitangus sulphuratus"
"360620","Pitangus","sulphuratus","","Great Kiskadee",26.2159,-97.3406,"//www.xeno-canto.org/360620/download","A",6,"Pitangus sulphuratus"
"360609","Pitangus","sulphuratus","","Great Kiskadee",26.5151,-99.1156,"//www.xeno-canto.org/360609/download","A",83,"Pitangus sulphuratus"
"285330","Pitangus","sulphuratus","texanus","Great Kiskadee",26.0737,-98.1442,"//www.xeno-canto.org/285330/download","A",7,"Pitangus sulphuratus"
"285329","Pitangus","sulphuratus","texanus","Great Kiskadee",26.1762,-98.3862,"//www.xeno-canto.org/285329/download","A",27,"Pitangus sulphuratus"
"240235","Pitangus","sulphuratus","texanus","Great Kiskadee",29.699,-93.948,"//www.xeno-canto.org/240235/download","A",26,"Pitangus sulphuratus"
"147341","Pitangus","sulphuratus","texanus","Great Kiskadee",26.0737,-98.1442,"//www.xeno-canto.org/147341/download","A",91,"Pitangus sulphuratus"
"147339","Pitangus","sulphuratus","texanus","Great Kiskadee",26.5151,-99.1156,"//www.xeno-canto.org/147339/download","A",106,"Pitangus sulphuratus"
"21963","Pitangus","sulphuratus","","Great Kiskadee",28.1137,-97.4228,"//www.xeno-canto.org/21963/download","A",10,"Pitangus sulphuratus"
"7731","Pitangus","sulphuratus","","Great Kiskadee",26.0737,-98.1442,"//www.xeno-canto.org/7731/download","A",22,"Pitangus sulphuratus"
"453244","Tyrannus","couchii","","Couch's Kingbird",26.0737,-98.1442,"//www.xeno-canto.org/453244/download","A",115,"Tyrannus couchii"
"404720","Tyrannus","couchii","","Couch's Kingbird",29.3056,-100.4212,"//www.xeno-canto.org/404720/download","A",33,"Tyrannus couchii"
"320665","Tyrannus","couchii","","Couch's Kingbird",26.1762,-98.3862,"//www.xeno-canto.org/320665/download","A",78,"Tyrannus couchii"
"318524","Tyrannus","couchii","","Couch's Kingbird",26.1762,-98.3862,"//www.xeno-canto.org/318524/download","A",115,"Tyrannus couchii"
"147321","Tyrannus","couchii","","Couch's Kingbird",27.0446,-99.4449,"//www.xeno-canto.org/147321/download","A",35,"Tyrannus couchii"
"147319","Tyrannus","couchii","","Couch's Kingbird",26.5151,-99.1156,"//www.xeno-canto.org/147319/download","A",9,"Tyrannus couchii"
"133303","Tyrannus","couchii","","Couch's Kingbird",29.1823,-102.9595,"//www.xeno-canto.org/133303/download","A",65,"Tyrannus couchii"
"323788","Tyrannus","forficatus","","Scissor-tailed Flycatcher",32.492,-93.6955,"//www.xeno-canto.org/323788/download","A",76,"Tyrannus forficatus"
"323784","Tyrannus","forficatus","","Scissor-tailed Flycatcher",32.492,-93.6955,"//www.xeno-canto.org/323784/download","A",112,"Tyrannus forficatus"
"323754","Tyrannus","forficatus","","Scissor-tailed Flycatcher",32.492,-93.6955,"//www.xeno-canto.org/323754/download","A",111,"Tyrannus forficatus"
"161582","Tyrannus","forficatus","","Scissor-tailed Flycatcher",29.375,-99.9828,"//www.xeno-canto.org/161582/download","A",9,"Tyrannus forficatus"
"147498","Tyrannus","forficatus","","Scissor-tailed Flycatcher",26.5647,-99.1269,"//www.xeno-canto.org/147498/download","A",60,"Tyrannus forficatus"
"140971","Tyrannus","forficatus","","Scissor-tailed Flycatcher",30.0091,-99.6917,"//www.xeno-canto.org/140971/download","A",57,"Tyrannus forficatus"
"140970","Tyrannus","forficatus","","Scissor-tailed Flycatcher",30.0091,-99.6917,"//www.xeno-canto.org/140970/download","A",14,"Tyrannus forficatus"
"140969","Tyrannus","forficatus","","Scissor-tailed Flycatcher",30.0091,-99.6917,"//www.xeno-canto.org/140969/download","A",15,"Tyrannus forficatus"
"140968","Tyrannus","forficatus","","Scissor-tailed Flycatcher",30.0091,-99.6917,"//www.xeno-canto.org/140968/download","A",33,"Tyrannus forficatus"
"140966","Tyrannus","forficatus","","Scissor-tailed Flycatcher",30.0091,-99.6917,"//www.xeno-canto.org/140966/download","A",64,"Tyrannus forficatus"
"140965","Tyrannus","forficatus","","Scissor-tailed Flycatcher",30.0091,-99.6917,"//www.xeno-canto.org/140965/download","A",14,"Tyrannus forficatus"
"460588","Myiarchus","cinerascens","","Ash-throated Flycatcher",29.8235,-99.5773,"//www.xeno-canto.org/460588/download","A",80,"Myiarchus cinerascens"
"404715","Myiarchus","cinerascens","","Ash-throated Flycatcher",29.2834,-100.3724,"//www.xeno-canto.org/404715/download","A",19,"Myiarchus cinerascens"
"257175","Myiarchus","cinerascens","","Ash-throated Flycatcher",30.8124,-103.9245,"//www.xeno-canto.org/257175/download","A",48,"Myiarchus cinerascens"
"172656","Myiarchus","cinerascens","","Ash-throated Flycatcher",37.1388,-103.0875,"//www.xeno-canto.org/172656/download","A",102,"Myiarchus cinerascens"
"141345","Myiarchus","cinerascens","cinerascens","Ash-throated Flycatcher",30.0801,-99.5027,"//www.xeno-canto.org/141345/download","A",45,"Myiarchus cinerascens"
"141344","Myiarchus","cinerascens","cinerascens","Ash-throated Flycatcher",30.0801,-99.5027,"//www.xeno-canto.org/141344/download","A",51,"Myiarchus cinerascens"
"122455","Myiarchus","cinerascens","","Ash-throated Flycatcher",29.8942,-98.6426,"//www.xeno-canto.org/122455/download","A",27,"Myiarchus cinerascens"
"70968","Myiarchus","cinerascens","","Ash-throated Flycatcher",29.498,-99.702,"//www.xeno-canto.org/70968/download","A",12,"Myiarchus cinerascens"
"34316","Myiarchus","cinerascens","","Ash-throated Flycatcher",29.2723,-103.2934,"//www.xeno-canto.org/34316/download","A",87,"Myiarchus cinerascens"
"34143","Myiarchus","cinerascens","","Ash-throated Flycatcher",31.912536,-104.878922,"//www.xeno-canto.org/34143/download","A",16,"Myiarchus cinerascens"
"34142","Myiarchus","cinerascens","","Ash-throated Flycatcher",31.912536,-104.878922,"//www.xeno-canto.org/34142/download","A",79,"Myiarchus cinerascens"
"34090","Myiarchus","cinerascens","","Ash-throated Flycatcher",31.912536,-104.878922,"//www.xeno-canto.org/34090/download","A",37,"Myiarchus cinerascens"
"34089","Myiarchus","cinerascens","","Ash-throated Flycatcher",31.912536,-104.878922,"//www.xeno-canto.org/34089/download","A",73,"Myiarchus cinerascens"
"460601","Vireo","griseus","","White-eyed Vireo",29.8235,-99.5773,"//www.xeno-canto.org/460601/download","A",50,"Vireo griseus"
"460600","Vireo","griseus","","White-eyed Vireo",29.8235,-99.5773,"//www.xeno-canto.org/460600/download","A",85,"Vireo griseus"
"452765","Vireo","griseus","","White-eyed Vireo",26.1253,-97.9532,"//www.xeno-canto.org/452765/download","A",42,"Vireo griseus"
"424697","Vireo","griseus","","White-eyed Vireo",31.8902,-97.6998,"//www.xeno-canto.org/424697/download","A",53,"Vireo griseus"
"424513","Vireo","griseus","","White-eyed Vireo",31.891,-97.7051,"//www.xeno-canto.org/424513/download","A",59,"Vireo griseus"
"404745","Vireo","griseus","","White-eyed Vireo",29.4758,-100.2272,"//www.xeno-canto.org/404745/download","A",31,"Vireo griseus"
"404739","Vireo","griseus","","White-eyed Vireo",29.4758,-100.2272,"//www.xeno-canto.org/404739/download","A",61,"Vireo griseus"
"383679","Vireo","griseus","","White-eyed Vireo",36.4825,-93.924,"//www.xeno-canto.org/383679/download","A",36,"Vireo griseus"
"232127","Vireo","griseus","","White-eyed Vireo",26.2156,-97.4055,"//www.xeno-canto.org/232127/download","A",30,"Vireo griseus"
"232126","Vireo","griseus","","White-eyed Vireo",26.2156,-97.4055,"//www.xeno-canto.org/232126/download","A",15,"Vireo griseus"
"232125","Vireo","griseus","","White-eyed Vireo",35.7832,-94.2443,"//www.xeno-canto.org/232125/download","A",9,"Vireo griseus"
"217073","Vireo","griseus","","White-eyed Vireo",32.4398,-93.6655,"//www.xeno-canto.org/217073/download","A",34,"Vireo griseus"
"143926","Vireo","griseus","micrus","White-eyed Vireo",25.8501,-97.4169,"//www.xeno-canto.org/143926/download","A",141,"Vireo griseus"
"123341","Vireo","griseus","","White-eyed Vireo",28.2518,-96.7915,"//www.xeno-canto.org/123341/download","A",34,"Vireo griseus"
"98647","Vireo","griseus","","White-eyed Vireo",30.4334,-91.1667,"//www.xeno-canto.org/98647/download","A",87,"Vireo griseus"
"71005","Vireo","griseus","","White-eyed Vireo",29.8242,-99.5845,"//www.xeno-canto.org/71005/download","A",13,"Vireo griseus"
"34949","Vireo","griseus","","White-eyed Vireo",29.7417,-100.3948,"//www.xeno-canto.org/34949/download","A",54,"Vireo griseus"
"34948","Vireo","griseus","","White-eyed Vireo",29.7417,-100.3948,"//www.xeno-canto.org/34948/download","A",23,"Vireo griseus"
"34947","Vireo","griseus","","White-eyed Vireo",29.7417,-100.3948,"//www.xeno-canto.org/34947/download","A",63,"Vireo griseus"
"33623","Vireo","griseus","","White-eyed Vireo",35.6826,-93.7862,"//www.xeno-canto.org/33623/download","A",19,"Vireo griseus"
"33622","Vireo","griseus","","White-eyed Vireo",35.6826,-93.7862,"//www.xeno-canto.org/33622/download","A",40,"Vireo griseus"
"21959","Vireo","griseus","","White-eyed Vireo",28.1137,-97.4228,"//www.xeno-canto.org/21959/download","A",22,"Vireo griseus"
"21958","Vireo","griseus","","White-eyed Vireo",28.1137,-97.4228,"//www.xeno-canto.org/21958/download","A",42,"Vireo griseus"
"21651","Vireo","griseus","","White-eyed Vireo",28.1137,-97.4228,"//www.xeno-canto.org/21651/download","A",24,"Vireo griseus"
"21649","Vireo","griseus","","White-eyed Vireo",28.1137,-97.4228,"//www.xeno-canto.org/21649/download","A",12,"Vireo griseus"
"443821","Vireo","bellii","","Bell's Vireo",33.0621,-96.9796,"//www.xeno-canto.org/443821/download","A",18,"Vireo bellii"
"404716","Vireo","bellii","","Bell's Vireo",29.2834,-100.3724,"//www.xeno-canto.org/404716/download","A",44,"Vireo bellii"
"277293","Vireo","bellii","bellii","Bell's Vireo",32.1237,-93.4713,"//www.xeno-canto.org/277293/download","A",4,"Vireo bellii"
"178894","Vireo","bellii","","Bell's Vireo",29.557,-94.393,"//www.xeno-canto.org/178894/download","A",9,"Vireo bellii"
"128936","Vireo","bellii","","Bell's Vireo",30.3494,-98.12,"//www.xeno-canto.org/128936/download","A",117,"Vireo bellii"
"34881","Vireo","bellii","bellii","Bell's Vireo",29.7417,-100.3948,"//www.xeno-canto.org/34881/download","A",88,"Vireo bellii"
"34880","Vireo","bellii","bellii","Bell's Vireo",29.7417,-100.3948,"//www.xeno-canto.org/34880/download","A",96,"Vireo bellii"
"34879","Vireo","bellii","bellii","Bell's Vireo",29.7417,-100.3948,"//www.xeno-canto.org/34879/download","A",125,"Vireo bellii"
"34315","Vireo","bellii","medius","Bell's Vireo",29.2164,-103.3587,"//www.xeno-canto.org/34315/download","A",34,"Vireo bellii"
"34314","Vireo","bellii","medius","Bell's Vireo",29.2164,-103.3587,"//www.xeno-canto.org/34314/download","A",37,"Vireo bellii"
"428771","Vireo","atricapilla","","Black-capped Vireo",34.7097,-98.639,"//www.xeno-canto.org/428771/download","A",21,"Vireo atricapilla"
"160976","Vireo","atricapilla","","Black-capped Vireo",29.6183,-100.4509,"//www.xeno-canto.org/160976/download","A",41,"Vireo atricapilla"
"160975","Vireo","atricapilla","","Black-capped Vireo",29.6183,-100.4509,"//www.xeno-canto.org/160975/download","A",14,"Vireo atricapilla"
"160974","Vireo","atricapilla","","Black-capped Vireo",29.6183,-100.4509,"//www.xeno-canto.org/160974/download","A",134,"Vireo atricapilla"
"160973","Vireo","atricapilla","","Black-capped Vireo",29.6183,-100.4509,"//www.xeno-canto.org/160973/download","A",13,"Vireo atricapilla"
"160972","Vireo","atricapilla","","Black-capped Vireo",29.6183,-100.4509,"//www.xeno-canto.org/160972/download","A",4,"Vireo atricapilla"
"141417","Vireo","atricapilla","","Black-capped Vireo",30.0801,-99.5027,"//www.xeno-canto.org/141417/download","A",28,"Vireo atricapilla"
"105703","Vireo","atricapilla","","Black-capped Vireo",30.0800570464114,-99.5026931757457,"//www.xeno-canto.org/105703/download","A",53,"Vireo atricapilla"
"70974","Vireo","atricapilla","","Black-capped Vireo",30.069,-99.421,"//www.xeno-canto.org/70974/download","A",16,"Vireo atricapilla"
"47816","Vireo","atricapilla","","Black-capped Vireo",30.422,-97.826,"//www.xeno-canto.org/47816/download","A",35,"Vireo atricapilla"
"34849","Vireo","atricapilla","","Black-capped Vireo",29.7417,-100.3948,"//www.xeno-canto.org/34849/download","A",12,"Vireo atricapilla"
"34848","Vireo","atricapilla","","Black-capped Vireo",29.7417,-100.3948,"//www.xeno-canto.org/34848/download","A",16,"Vireo atricapilla"
"34845","Vireo","atricapilla","","Black-capped Vireo",29.7417,-100.3948,"//www.xeno-canto.org/34845/download","A",66,"Vireo atricapilla"
"34844","Vireo","atricapilla","","Black-capped Vireo",29.7417,-100.3948,"//www.xeno-canto.org/34844/download","A",41,"Vireo atricapilla"
"21738","Vireo","atricapilla","","Black-capped Vireo",29.8242,-99.5845,"//www.xeno-canto.org/21738/download","A",47,"Vireo atricapilla"
"5562","Vireo","atricapilla","","Black-capped Vireo",29.495493,-99.713738,"//www.xeno-canto.org/5562/download","A",21,"Vireo atricapilla"
"456249","Cyanocorax","luxuosus","","Green Jay",26.1762,-98.3862,"//www.xeno-canto.org/456249/download","A",4,"Cyanocorax luxuosus"
"452997","Cyanocorax","luxuosus","","Green Jay",26.5878,-99.1487,"//www.xeno-canto.org/452997/download","A",45,"Cyanocorax luxuosus"
"452743","Cyanocorax","luxuosus","","Green Jay",26.0737,-98.1442,"//www.xeno-canto.org/452743/download","A",6,"Cyanocorax luxuosus"
"368411","Cyanocorax","luxuosus","","Green Jay",26.5553,-98.068,"//www.xeno-canto.org/368411/download","A",56,"Cyanocorax luxuosus"
"297556","Cyanocorax","luxuosus","","Green Jay",26.5151,-99.1156,"//www.xeno-canto.org/297556/download","A",2,"Cyanocorax luxuosus"
"278475","Cyanocorax","luxuosus","","Green Jay",26.0737,-98.1442,"//www.xeno-canto.org/278475/download","A",98,"Cyanocorax luxuosus"
"278387","Cyanocorax","luxuosus","","Green Jay",26.1762,-98.3862,"//www.xeno-canto.org/278387/download","A",40,"Cyanocorax luxuosus"
"278361","Cyanocorax","luxuosus","","Green Jay",27.0446,-99.4449,"//www.xeno-canto.org/278361/download","A",86,"Cyanocorax luxuosus"
"278357","Cyanocorax","luxuosus","","Green Jay",27.0446,-99.4449,"//www.xeno-canto.org/278357/download","A",136,"Cyanocorax luxuosus"
"163689","Cyanocorax","luxuosus","","Green Jay",26.1762,-98.3862,"//www.xeno-canto.org/163689/download","A",5,"Cyanocorax luxuosus"
"122467","Cyanocorax","luxuosus","","Green Jay",26.1253,-97.9532,"//www.xeno-canto.org/122467/download","A",11,"Cyanocorax luxuosus"
"21661","Cyanocorax","luxuosus","","Green Jay",28.1137,-97.4228,"//www.xeno-canto.org/21661/download","A",85,"Cyanocorax luxuosus"
"7734","Cyanocorax","luxuosus","luxuosus","Green Jay",26.0737,-98.1442,"//www.xeno-canto.org/7734/download","A",3,"Cyanocorax luxuosus"
"382347","Cyanocitta","cristata","","Blue Jay",29.6884,-95.4228,"//www.xeno-canto.org/382347/download","A",36,"Cyanocitta cristata"
"370249","Cyanocitta","cristata","","Blue Jay",38.4489,-98.7521,"//www.xeno-canto.org/370249/download","A",56,"Cyanocitta cristata"
"234669","Cyanocitta","cristata","","Blue Jay",29.5974,-95.5859,"//www.xeno-canto.org/234669/download","A",40,"Cyanocitta cristata"
"233403","Cyanocitta","cristata","","Blue Jay",29.5831,-95.6131,"//www.xeno-canto.org/233403/download","A",83,"Cyanocitta cristata"
"233380","Cyanocitta","cristata","","Blue Jay",29.5833,-95.6113,"//www.xeno-canto.org/233380/download","A",40,"Cyanocitta cristata"
"134994","Cyanocitta","cristata","","Blue Jay",29.7833,-93.2517,"//www.xeno-canto.org/134994/download","A",25,"Cyanocitta cristata"
"122442","Cyanocitta","cristata","","Blue Jay",29.509,-98.657,"//www.xeno-canto.org/122442/download","A",23,"Cyanocitta cristata"
"33617","Cyanocitta","cristata","","Blue Jay",36.0403,-93.3406,"//www.xeno-canto.org/33617/download","A",59,"Cyanocitta cristata"
"297542","Aphelocoma","wollweberi","couchii","Mexican Jay",29.269,-103.304,"//www.xeno-canto.org/297542/download","A",12,"Aphelocoma wollweberi"
"297541","Aphelocoma","wollweberi","couchii","Mexican Jay",29.269,-103.304,"//www.xeno-canto.org/297541/download","A",24,"Aphelocoma wollweberi"
"165770","Aphelocoma","wollweberi","couchii","Mexican Jay",29.242,-103.3034,"//www.xeno-canto.org/165770/download","A",43,"Aphelocoma wollweberi"
"109418","Aphelocoma","wollweberi","","Mexican Jay",29.2551,-103.2976,"//www.xeno-canto.org/109418/download","A",8,"Aphelocoma wollweberi"
"109414","Aphelocoma","wollweberi","","Mexican Jay",29.2723,-103.2934,"//www.xeno-canto.org/109414/download","A",105,"Aphelocoma wollweberi"
"71053","Aphelocoma","wollweberi","couchii","Mexican Jay",29.2501,-103.3095,"//www.xeno-canto.org/71053/download","A",15,"Aphelocoma wollweberi"
"34620","Aphelocoma","wollweberi","couchii","Mexican Jay",29.242,-103.3034,"//www.xeno-canto.org/34620/download","A",6,"Aphelocoma wollweberi"
"34619","Aphelocoma","wollweberi","couchii","Mexican Jay",29.242,-103.3034,"//www.xeno-canto.org/34619/download","A",24,"Aphelocoma wollweberi"
"34618","Aphelocoma","wollweberi","couchii","Mexican Jay",29.242,-103.3034,"//www.xeno-canto.org/34618/download","A",39,"Aphelocoma wollweberi"
"34617","Aphelocoma","wollweberi","couchii","Mexican Jay",29.242,-103.3034,"//www.xeno-canto.org/34617/download","A",45,"Aphelocoma wollweberi"
"34616","Aphelocoma","wollweberi","couchii","Mexican Jay",29.242,-103.3034,"//www.xeno-canto.org/34616/download","A",34,"Aphelocoma wollweberi"
"34615","Aphelocoma","wollweberi","couchii","Mexican Jay",29.242,-103.3034,"//www.xeno-canto.org/34615/download","A",41,"Aphelocoma wollweberi"
"505918","Baeolophus","atricristatus","","Black-crested Titmouse",26.1475,-97.9889,"//www.xeno-canto.org/505918/download","A",13,"Baeolophus atricristatus"
"404703","Baeolophus","atricristatus","","Black-crested Titmouse",29.2834,-100.3724,"//www.xeno-canto.org/404703/download","A",24,"Baeolophus atricristatus"
"278591","Baeolophus","atricristatus","","Black-crested Titmouse",26.0737,-98.1442,"//www.xeno-canto.org/278591/download","A",74,"Baeolophus atricristatus"
"163949","Baeolophus","atricristatus","","Black-crested Titmouse",29.2437,-103.2928,"//www.xeno-canto.org/163949/download","A",8,"Baeolophus atricristatus"
"147281","Baeolophus","atricristatus","","Black-crested Titmouse",26.0737,-98.1442,"//www.xeno-canto.org/147281/download","A",22,"Baeolophus atricristatus"
"147279","Baeolophus","atricristatus","","Black-crested Titmouse",26.0737,-98.1442,"//www.xeno-canto.org/147279/download","A",56,"Baeolophus atricristatus"
"141457","Baeolophus","atricristatus","","Black-crested Titmouse",29.8168,-99.5767,"//www.xeno-canto.org/141457/download","A",42,"Baeolophus atricristatus"
"141456","Baeolophus","atricristatus","","Black-crested Titmouse",29.6374,-98.6288,"//www.xeno-canto.org/141456/download","A",53,"Baeolophus atricristatus"
"141455","Baeolophus","atricristatus","","Black-crested Titmouse",29.6374,-98.6288,"//www.xeno-canto.org/141455/download","A",56,"Baeolophus atricristatus"
"141453","Baeolophus","atricristatus","","Black-crested Titmouse",30.506,-97.9796,"//www.xeno-canto.org/141453/download","A",126,"Baeolophus atricristatus"
"123414","Baeolophus","atricristatus","","Black-crested Titmouse",29.8744,-98.4862,"//www.xeno-canto.org/123414/download","A",12,"Baeolophus atricristatus"
"123411","Baeolophus","atricristatus","","Black-crested Titmouse",29.8744,-98.4862,"//www.xeno-canto.org/123411/download","A",20,"Baeolophus atricristatus"
"122454","Baeolophus","atricristatus","","Black-crested Titmouse",29.8973,-98.6427,"//www.xeno-canto.org/122454/download","A",10,"Baeolophus atricristatus"
"109406","Baeolophus","atricristatus","","Black-crested Titmouse",29.2723,-103.2934,"//www.xeno-canto.org/109406/download","A",119,"Baeolophus atricristatus"
"77332","Baeolophus","atricristatus","","Black-crested Titmouse",29.469,-98.705,"//www.xeno-canto.org/77332/download","A",6,"Baeolophus atricristatus"
"77331","Baeolophus","atricristatus","","Black-crested Titmouse",29.469,-98.705,"//www.xeno-canto.org/77331/download","A",10,"Baeolophus atricristatus"
"34320","Baeolophus","atricristatus","","Black-crested Titmouse",29.242,-103.3034,"//www.xeno-canto.org/34320/download","A",55,"Baeolophus atricristatus"
"34319","Baeolophus","atricristatus","","Black-crested Titmouse",29.242,-103.3034,"//www.xeno-canto.org/34319/download","A",24,"Baeolophus atricristatus"
"34318","Baeolophus","atricristatus","","Black-crested Titmouse",29.2512,-103.3098,"//www.xeno-canto.org/34318/download","A",44,"Baeolophus atricristatus"
"34317","Baeolophus","atricristatus","","Black-crested Titmouse",29.2512,-103.3098,"//www.xeno-canto.org/34317/download","A",59,"Baeolophus atricristatus"
"34259","Baeolophus","atricristatus","","Black-crested Titmouse",29.2512,-103.3098,"//www.xeno-canto.org/34259/download","A",75,"Baeolophus atricristatus"
"21967","Baeolophus","atricristatus","","Black-crested Titmouse",28.1137,-97.4228,"//www.xeno-canto.org/21967/download","A",67,"Baeolophus atricristatus"
"21966","Baeolophus","atricristatus","","Black-crested Titmouse",28.1137,-97.4228,"//www.xeno-canto.org/21966/download","A",59,"Baeolophus atricristatus"
"339932","Poecile","carolinensis","","Carolina Chickadee",28.9174,-95.5764,"//www.xeno-canto.org/339932/download","A",45,"Poecile carolinensis"
"227271","Poecile","carolinensis","","Carolina Chickadee",35.4426,-94.9857,"//www.xeno-canto.org/227271/download","A",27,"Poecile carolinensis"
"227270","Poecile","carolinensis","","Carolina Chickadee",35.4426,-94.9857,"//www.xeno-canto.org/227270/download","A",21,"Poecile carolinensis"
"154971","Poecile","carolinensis","","Carolina Chickadee",30.4334,-91.1667,"//www.xeno-canto.org/154971/download","A",11,"Poecile carolinensis"
"123410","Poecile","carolinensis","","Carolina Chickadee",29.8744,-98.4862,"//www.xeno-canto.org/123410/download","A",19,"Poecile carolinensis"
"123408","Poecile","carolinensis","","Carolina Chickadee",29.6374,-98.6288,"//www.xeno-canto.org/123408/download","A",14,"Poecile carolinensis"
"121934","Poecile","carolinensis","","Carolina Chickadee",30.4119,-97.7112,"//www.xeno-canto.org/121934/download","A",26,"Poecile carolinensis"
"121933","Poecile","carolinensis","","Carolina Chickadee",30.4119,-97.7112,"//www.xeno-canto.org/121933/download","A",20,"Poecile carolinensis"
"121932","Poecile","carolinensis","","Carolina Chickadee",30.4119,-97.7112,"//www.xeno-canto.org/121932/download","A",5,"Poecile carolinensis"
"121930","Poecile","carolinensis","","Carolina Chickadee",30.4119,-97.7112,"//www.xeno-canto.org/121930/download","A",25,"Poecile carolinensis"
"121929","Poecile","carolinensis","","Carolina Chickadee",30.4119,-97.7112,"//www.xeno-canto.org/121929/download","A",91,"Poecile carolinensis"
"112633","Poecile","carolinensis","","Carolina Chickadee",30.4487,-99.812,"//www.xeno-canto.org/112633/download","A",22,"Poecile carolinensis"
"70980","Poecile","carolinensis","","Carolina Chickadee",29.5826,-99.7309,"//www.xeno-canto.org/70980/download","A",14,"Poecile carolinensis"
"57446","Poecile","carolinensis","agilis","Carolina Chickadee",29.649,-95.014,"//www.xeno-canto.org/57446/download","A",3,"Poecile carolinensis"
"57445","Poecile","carolinensis","agilis","Carolina Chickadee",29.649,-95.014,"//www.xeno-canto.org/57445/download","A",3,"Poecile carolinensis"
"57321","Poecile","carolinensis","agilis","Carolina Chickadee",29.649,-95.014,"//www.xeno-canto.org/57321/download","A",30,"Poecile carolinensis"
"34951","Poecile","carolinensis","","Carolina Chickadee",29.7417,-100.3948,"//www.xeno-canto.org/34951/download","A",74,"Poecile carolinensis"
"34950","Poecile","carolinensis","","Carolina Chickadee",29.7417,-100.3948,"//www.xeno-canto.org/34950/download","A",89,"Poecile carolinensis"
"404748","Catherpes","mexicanus","","Canyon Wren",29.4758,-100.2272,"//www.xeno-canto.org/404748/download","A",16,"Catherpes mexicanus"
"321759","Catherpes","mexicanus","","Canyon Wren",37.0089,-102.7467,"//www.xeno-canto.org/321759/download","A",125,"Catherpes mexicanus"
"321756","Catherpes","mexicanus","","Canyon Wren",37.0089,-102.7467,"//www.xeno-canto.org/321756/download","A",73,"Catherpes mexicanus"
"321753","Catherpes","mexicanus","","Canyon Wren",37.0089,-102.7467,"//www.xeno-canto.org/321753/download","A",60,"Catherpes mexicanus"
"321750","Catherpes","mexicanus","","Canyon Wren",37.0089,-102.7467,"//www.xeno-canto.org/321750/download","A",36,"Catherpes mexicanus"
"172817","Catherpes","mexicanus","","Canyon Wren",37.5525,-103.3089,"//www.xeno-canto.org/172817/download","A",88,"Catherpes mexicanus"
"172811","Catherpes","mexicanus","","Canyon Wren",37.5525,-103.3089,"//www.xeno-canto.org/172811/download","A",39,"Catherpes mexicanus"
"141459","Catherpes","mexicanus","","Canyon Wren",29.8168,-99.5767,"//www.xeno-canto.org/141459/download","A",43,"Catherpes mexicanus"
"123291","Catherpes","mexicanus","","Canyon Wren",29.7525,-99.8576,"//www.xeno-canto.org/123291/download","A",28,"Catherpes mexicanus"
"122449","Catherpes","mexicanus","","Canyon Wren",29.8999,-98.6416,"//www.xeno-canto.org/122449/download","A",41,"Catherpes mexicanus"
"87640","Catherpes","mexicanus","conspersus","Canyon Wren",37.56112,-102.39769,"//www.xeno-canto.org/87640/download","A",34,"Catherpes mexicanus"
"87639","Catherpes","mexicanus","conspersus","Canyon Wren",37.56112,-102.39769,"//www.xeno-canto.org/87639/download","A",59,"Catherpes mexicanus"
"33162","Catherpes","mexicanus","","Canyon Wren",37.0117,-102.7445,"//www.xeno-canto.org/33162/download","A",59,"Catherpes mexicanus"
"33161","Catherpes","mexicanus","","Canyon Wren",37.0117,-102.7445,"//www.xeno-canto.org/33161/download","A",37,"Catherpes mexicanus"
"33160","Catherpes","mexicanus","","Canyon Wren",37.0117,-102.7445,"//www.xeno-canto.org/33160/download","A",19,"Catherpes mexicanus"
"33159","Catherpes","mexicanus","","Canyon Wren",37.0117,-102.7445,"//www.xeno-canto.org/33159/download","A",57,"Catherpes mexicanus"
"318283","Thryomanes","bewickii","","Bewick's Wren",37.3538,-103.7194,"//www.xeno-canto.org/318283/download","A",23,"Thryomanes bewickii"
"296660","Thryomanes","bewickii","","Bewick's Wren",29.2416,-103.2971,"//www.xeno-canto.org/296660/download","A",7,"Thryomanes bewickii"
"217858","Thryomanes","bewickii","","Bewick's Wren",29.2512,-103.3098,"//www.xeno-canto.org/217858/download","A",21,"Thryomanes bewickii"
"217857","Thryomanes","bewickii","","Bewick's Wren",29.2512,-103.3098,"//www.xeno-canto.org/217857/download","A",47,"Thryomanes bewickii"
"217854","Thryomanes","bewickii","","Bewick's Wren",29.2512,-103.3098,"//www.xeno-canto.org/217854/download","A",37,"Thryomanes bewickii"
"172752","Thryomanes","bewickii","","Bewick's Wren",37.1388,-103.0875,"//www.xeno-canto.org/172752/download","A",61,"Thryomanes bewickii"
"172751","Thryomanes","bewickii","","Bewick's Wren",37.1388,-103.0875,"//www.xeno-canto.org/172751/download","A",82,"Thryomanes bewickii"
"123370","Thryomanes","bewickii","cryptus","Bewick's Wren",30.4431,-99.8042,"//www.xeno-canto.org/123370/download","A",9,"Thryomanes bewickii"
"122453","Thryomanes","bewickii","cryptus","Bewick's Wren",29.6374,-98.6288,"//www.xeno-canto.org/122453/download","A",3,"Thryomanes bewickii"
"109397","Thryomanes","bewickii","","Bewick's Wren",29.2723,-103.2934,"//www.xeno-canto.org/109397/download","A",38,"Thryomanes bewickii"
"34806","Thryomanes","bewickii","","Bewick's Wren",29.242,-103.3034,"//www.xeno-canto.org/34806/download","A",59,"Thryomanes bewickii"
"34805","Thryomanes","bewickii","","Bewick's Wren",29.242,-103.3034,"//www.xeno-canto.org/34805/download","A",32,"Thryomanes bewickii"
"34804","Thryomanes","bewickii","","Bewick's Wren",29.242,-103.3034,"//www.xeno-canto.org/34804/download","A",25,"Thryomanes bewickii"
"505921","Thryothorus","ludovicianus","","Carolina Wren",26.0823,-98.129,"//www.xeno-canto.org/505921/download","A",49,"Thryothorus ludovicianus"
"498947","Thryothorus","ludovicianus","","Carolina Wren",30.9765,-91.9893,"//www.xeno-canto.org/498947/download","A",70,"Thryothorus ludovicianus"
"498768","Thryothorus","ludovicianus","","Carolina Wren",30.9765,-91.9893,"//www.xeno-canto.org/498768/download","A",85,"Thryothorus ludovicianus"
"498648","Thryothorus","ludovicianus","","Carolina Wren",30.9765,-91.9893,"//www.xeno-canto.org/498648/download","A",13,"Thryothorus ludovicianus"
"498647","Thryothorus","ludovicianus","","Carolina Wren",30.9765,-91.9893,"//www.xeno-canto.org/498647/download","A",96,"Thryothorus ludovicianus"
"498646","Thryothorus","ludovicianus","","Carolina Wren",30.9765,-91.9893,"//www.xeno-canto.org/498646/download","A",16,"Thryothorus ludovicianus"
"477368","Thryothorus","ludovicianus","","Carolina Wren",30.415,-91.179,"//www.xeno-canto.org/477368/download","A",16,"Thryothorus ludovicianus"
"477366","Thryothorus","ludovicianus","","Carolina Wren",30.415,-91.179,"//www.xeno-canto.org/477366/download","A",21,"Thryothorus ludovicianus"
"452779","Thryothorus","ludovicianus","","Carolina Wren",26.1253,-97.9532,"//www.xeno-canto.org/452779/download","A",60,"Thryothorus ludovicianus"
"432885","Thryothorus","ludovicianus","","Carolina Wren",35.1253,-92.9163,"//www.xeno-canto.org/432885/download","A",53,"Thryothorus ludovicianus"
"404722","Thryothorus","ludovicianus","","Carolina Wren",29.3056,-100.4212,"//www.xeno-canto.org/404722/download","A",29,"Thryothorus ludovicianus"
"360936","Thryothorus","ludovicianus","","Carolina Wren",30.441,-91.1667,"//www.xeno-canto.org/360936/download","A",52,"Thryothorus ludovicianus"
"323734","Thryothorus","ludovicianus","","Carolina Wren",32.4468,-93.6721,"//www.xeno-canto.org/323734/download","A",55,"Thryothorus ludovicianus"
"287906","Thryothorus","ludovicianus","ludovicianus","Carolina Wren",29.3711,-95.6279,"//www.xeno-canto.org/287906/download","A",20,"Thryothorus ludovicianus"
"231097","Thryothorus","ludovicianus","","Carolina Wren",35.4426,-94.9857,"//www.xeno-canto.org/231097/download","A",35,"Thryothorus ludovicianus"
"210728","Thryothorus","ludovicianus","","Carolina Wren",30.6521,-95.9586,"//www.xeno-canto.org/210728/download","A",135,"Thryothorus ludovicianus"
"141460","Thryothorus","ludovicianus","","Carolina Wren",30.506,-97.9796,"//www.xeno-canto.org/141460/download","A",94,"Thryothorus ludovicianus"
"124068","Thryothorus","ludovicianus","","Carolina Wren",29.5892,-97.5841,"//www.xeno-canto.org/124068/download","A",15,"Thryothorus ludovicianus"
"123347","Thryothorus","ludovicianus","","Carolina Wren",29.4748,-98.7058,"//www.xeno-canto.org/123347/download","A",18,"Thryothorus ludovicianus"
"122452","Thryothorus","ludovicianus","","Carolina Wren",29.5892,-97.5841,"//www.xeno-canto.org/122452/download","A",23,"Thryothorus ludovicianus"
"122447","Thryothorus","ludovicianus","","Carolina Wren",29.469,-98.705,"//www.xeno-canto.org/122447/download","A",10,"Thryothorus ludovicianus"
"56229","Thryothorus","ludovicianus","ludovicianus","Carolina Wren",29.649,-95.014,"//www.xeno-canto.org/56229/download","A",64,"Thryothorus ludovicianus"
"56157","Thryothorus","ludovicianus","ludovicianus","Carolina Wren",29.649,-95.014,"//www.xeno-canto.org/56157/download","A",34,"Thryothorus ludovicianus"
"56154","Thryothorus","ludovicianus","ludovicianus","Carolina Wren",29.649,-95.014,"//www.xeno-canto.org/56154/download","A",53,"Thryothorus ludovicianus"
"34803","Thryothorus","ludovicianus","lomitensis","Carolina Wren",29.1823,-102.9595,"//www.xeno-canto.org/34803/download","A",74,"Thryothorus ludovicianus"
"33595","Thryothorus","ludovicianus","","Carolina Wren",35.6826,-93.7862,"//www.xeno-canto.org/33595/download","A",50,"Thryothorus ludovicianus"
"144069","Polioptila","caerulea","obscura","Blue-grey Gnatcatcher",29.2164,-103.3587,"//www.xeno-canto.org/144069/download","A",126,"Polioptila caerulea"
"35104","Polioptila","caerulea","caerulea","Blue-grey Gnatcatcher",29.7417,-100.3948,"//www.xeno-canto.org/35104/download","A",79,"Polioptila caerulea"
"35103","Polioptila","caerulea","caerulea","Blue-grey Gnatcatcher",29.7417,-100.3948,"//www.xeno-canto.org/35103/download","A",76,"Polioptila caerulea"
"34809","Polioptila","caerulea","amoenissima","Blue-grey Gnatcatcher",29.2164,-103.3587,"//www.xeno-canto.org/34809/download","A",53,"Polioptila caerulea"
"34321","Polioptila","caerulea","amoenissima","Blue-grey Gnatcatcher",29.2512,-103.3098,"//www.xeno-canto.org/34321/download","A",52,"Polioptila caerulea"
"477371","Mimus","polyglottos","","Northern Mockingbird",30.415,-91.179,"//www.xeno-canto.org/477371/download","A",58,"Mimus polyglottos"
"453028","Mimus","polyglottos","","Northern Mockingbird",26.0241,-97.4098,"//www.xeno-canto.org/453028/download","A",116,"Mimus polyglottos"
"321789","Mimus","polyglottos","","Northern Mockingbird",37.0089,-102.7467,"//www.xeno-canto.org/321789/download","A",136,"Mimus polyglottos"
"321788","Mimus","polyglottos","","Northern Mockingbird",37.0089,-102.7467,"//www.xeno-canto.org/321788/download","A",73,"Mimus polyglottos"
"321786","Mimus","polyglottos","","Northern Mockingbird",37.0089,-102.7467,"//www.xeno-canto.org/321786/download","A",96,"Mimus polyglottos"
"317019","Mimus","polyglottos","","Northern Mockingbird",29.7278,-93.8523,"//www.xeno-canto.org/317019/download","A",35,"Mimus polyglottos"
"179353","Mimus","polyglottos","","Northern Mockingbird",29.6762,-94.4335,"//www.xeno-canto.org/179353/download","A",33,"Mimus polyglottos"
"179352","Mimus","polyglottos","","Northern Mockingbird",29.6762,-94.4335,"//www.xeno-canto.org/179352/download","A",29,"Mimus polyglottos"
"179351","Mimus","polyglottos","","Northern Mockingbird",29.6762,-94.4335,"//www.xeno-canto.org/179351/download","A",43,"Mimus polyglottos"
"172648","Mimus","polyglottos","","Northern Mockingbird",37.1355,-103.0156,"//www.xeno-canto.org/172648/download","A",55,"Mimus polyglottos"
"172647","Mimus","polyglottos","","Northern Mockingbird",37.1355,-103.0156,"//www.xeno-canto.org/172647/download","A",88,"Mimus polyglottos"
"113125","Mimus","polyglottos","","Northern Mockingbird",32.7591,-94.9764,"//www.xeno-canto.org/113125/download","A",18,"Mimus polyglottos"
"109398","Mimus","polyglottos","","Northern Mockingbird",29.1823,-102.9595,"//www.xeno-canto.org/109398/download","A",53,"Mimus polyglottos"
"34577","Mimus","polyglottos","","Northern Mockingbird",29.1823,-102.9595,"//www.xeno-canto.org/34577/download","A",37,"Mimus polyglottos"
"34576","Mimus","polyglottos","","Northern Mockingbird",29.1823,-102.9595,"//www.xeno-canto.org/34576/download","A",83,"Mimus polyglottos"
"505909","Toxostoma","longirostre","","Long-billed Thrasher",26.0823,-98.129,"//www.xeno-canto.org/505909/download","A",30,"Toxostoma longirostre"
"452773","Toxostoma","longirostre","","Long-billed Thrasher",26.1253,-97.9532,"//www.xeno-canto.org/452773/download","A",30,"Toxostoma longirostre"
"452744","Toxostoma","longirostre","","Long-billed Thrasher",26.0737,-98.1442,"//www.xeno-canto.org/452744/download","A",84,"Toxostoma longirostre"
"429240","Toxostoma","longirostre","","Long-billed Thrasher",26.2291,-97.3479,"//www.xeno-canto.org/429240/download","A",20,"Toxostoma longirostre"
"175926","Toxostoma","longirostre","","Long-billed Thrasher",28.4732,-98.2555,"//www.xeno-canto.org/175926/download","A",19,"Toxostoma longirostre"
"147363","Toxostoma","longirostre","","Long-billed Thrasher",26.1762,-98.3862,"//www.xeno-canto.org/147363/download","A",135,"Toxostoma longirostre"
"133492","Toxostoma","longirostre","","Long-billed Thrasher",26.2159,-97.3406,"//www.xeno-canto.org/133492/download","A",35,"Toxostoma longirostre"
"133491","Toxostoma","longirostre","","Long-billed Thrasher",26.2159,-97.3406,"//www.xeno-canto.org/133491/download","A",106,"Toxostoma longirostre"
"133490","Toxostoma","longirostre","","Long-billed Thrasher",26.2159,-97.3406,"//www.xeno-canto.org/133490/download","A",14,"Toxostoma longirostre"
"133478","Toxostoma","longirostre","","Long-billed Thrasher",26.2159,-97.3406,"//www.xeno-canto.org/133478/download","A",48,"Toxostoma longirostre"
"133475","Toxostoma","longirostre","","Long-billed Thrasher",26.2159,-97.3406,"//www.xeno-canto.org/133475/download","A",120,"Toxostoma longirostre"
"124066","Toxostoma","longirostre","","Long-billed Thrasher",26.1253,-97.9532,"//www.xeno-canto.org/124066/download","A",14,"Toxostoma longirostre"
"123351","Toxostoma","longirostre","","Long-billed Thrasher",29.469,-98.705,"//www.xeno-canto.org/123351/download","A",56,"Toxostoma longirostre"
"122469","Toxostoma","longirostre","","Long-billed Thrasher",29.469,-98.705,"//www.xeno-canto.org/122469/download","A",33,"Toxostoma longirostre"
"21657","Toxostoma","longirostre","","Long-billed Thrasher",28.1137,-97.4228,"//www.xeno-canto.org/21657/download","A",38,"Toxostoma longirostre"
"21656","Toxostoma","longirostre","","Long-billed Thrasher",28.1137,-97.4228,"//www.xeno-canto.org/21656/download","A",78,"Toxostoma longirostre"
"1386","Toxostoma","longirostre","","Long-billed Thrasher",28.5028,-98.3056,"//www.xeno-canto.org/1386/download","A",12,"Toxostoma longirostre"
"452800","Turdus","grayi","","Clay-colored Thrush",26.1253,-97.9532,"//www.xeno-canto.org/452800/download","A",16,"Turdus grayi"
"452782","Turdus","grayi","","Clay-colored Thrush",26.1253,-97.9532,"//www.xeno-canto.org/452782/download","A",122,"Turdus grayi"
"452780","Turdus","grayi","","Clay-colored Thrush",26.1253,-97.9532,"//www.xeno-canto.org/452780/download","A",35,"Turdus grayi"
"429273","Turdus","grayi","","Clay-colored Thrush",26.0737,-98.1442,"//www.xeno-canto.org/429273/download","A",29,"Turdus grayi"
"277034","Turdus","grayi","","Clay-colored Thrush",26.9016,-99.2702,"//www.xeno-canto.org/277034/download","A",75,"Turdus grayi"
"277019","Turdus","grayi","","Clay-colored Thrush",26.9016,-99.2702,"//www.xeno-canto.org/277019/download","A",140,"Turdus grayi"
"161066","Turdus","grayi","","Clay-colored Thrush",26.0737,-98.1442,"//www.xeno-canto.org/161066/download","A",17,"Turdus grayi"
"153437","Spizella","atrogularis","","Black-chinned Sparrow",31.8825,-104.8646,"//www.xeno-canto.org/153437/download","A",50,"Spizella atrogularis"
"153436","Spizella","atrogularis","","Black-chinned Sparrow",29.269,-103.304,"//www.xeno-canto.org/153436/download","A",50,"Spizella atrogularis"
"153435","Spizella","atrogularis","","Black-chinned Sparrow",29.269,-103.304,"//www.xeno-canto.org/153435/download","A",51,"Spizella atrogularis"
"34571","Spizella","atrogularis","","Black-chinned Sparrow",29.2512,-103.3098,"//www.xeno-canto.org/34571/download","A",65,"Spizella atrogularis"
"34136","Spizella","atrogularis","","Black-chinned Sparrow",31.912536,-104.878922,"//www.xeno-canto.org/34136/download","A",9,"Spizella atrogularis"
"34135","Spizella","atrogularis","","Black-chinned Sparrow",31.912536,-104.878922,"//www.xeno-canto.org/34135/download","A",43,"Spizella atrogularis"
"34134","Spizella","atrogularis","","Black-chinned Sparrow",31.912536,-104.878922,"//www.xeno-canto.org/34134/download","A",59,"Spizella atrogularis"
"34034","Spizella","atrogularis","","Black-chinned Sparrow",31.912536,-104.878922,"//www.xeno-canto.org/34034/download","A",41,"Spizella atrogularis"
"416027","Peucaea","cassinii","","Cassin's Sparrow",31.2384,-103.578,"//www.xeno-canto.org/416027/download","A",33,"Peucaea cassinii"
"394562","Peucaea","cassinii","","Cassin's Sparrow",26.5647,-99.1269,"//www.xeno-canto.org/394562/download","A",134,"Peucaea cassinii"
"334752","Peucaea","cassinii","","Cassin's Sparrow",29.6183,-100.4509,"//www.xeno-canto.org/334752/download","A",74,"Peucaea cassinii"
"317257","Peucaea","cassinii","","Cassin's Sparrow",37.1437,-103.0057,"//www.xeno-canto.org/317257/download","A",83,"Peucaea cassinii"
"179851","Peucaea","cassinii","","Cassin's Sparrow",37.1578,-103.261,"//www.xeno-canto.org/179851/download","A",2,"Peucaea cassinii"
"179495","Peucaea","cassinii","","Cassin's Sparrow",37.2599,-103.1204,"//www.xeno-canto.org/179495/download","A",70,"Peucaea cassinii"
"179482","Peucaea","cassinii","","Cassin's Sparrow",37.2599,-103.1204,"//www.xeno-canto.org/179482/download","A",41,"Peucaea cassinii"
"172807","Peucaea","cassinii","","Cassin's Sparrow",37.3367,-103.3194,"//www.xeno-canto.org/172807/download","A",6,"Peucaea cassinii"
"172650","Peucaea","cassinii","","Cassin's Sparrow",37.089,-102.9585,"//www.xeno-canto.org/172650/download","A",59,"Peucaea cassinii"
"172649","Peucaea","cassinii","","Cassin's Sparrow",37.089,-102.9585,"//www.xeno-canto.org/172649/download","A",133,"Peucaea cassinii"
"123898","Peucaea","cassinii","","Cassin's Sparrow",35.9116,-100.2571,"//www.xeno-canto.org/123898/download","A",3,"Peucaea cassinii"
"123897","Peucaea","cassinii","","Cassin's Sparrow",35.9116,-100.2571,"//www.xeno-canto.org/123897/download","A",4,"Peucaea cassinii"
"123299","Peucaea","cassinii","","Cassin's Sparrow",31.2721,-104.5964,"//www.xeno-canto.org/123299/download","A",21,"Peucaea cassinii"
"1255","Peucaea","cassinii","","Cassin's Sparrow",29.49523,-99.71255,"//www.xeno-canto.org/1255/download","A",4,"Peucaea cassinii"
"152127","Peucaea","aestivalis","","Bachman's Sparrow",30.4705,-93.6809,"//www.xeno-canto.org/152127/download","A",99,"Peucaea aestivalis"
"152123","Peucaea","aestivalis","","Bachman's Sparrow",30.4705,-93.6809,"//www.xeno-canto.org/152123/download","A",16,"Peucaea aestivalis"
"113385","Peucaea","aestivalis","illinoensis","Bachman's Sparrow",30.9835,-93.1469,"//www.xeno-canto.org/113385/download","A",66,"Peucaea aestivalis"
"33782","Peucaea","aestivalis","illinoensis","Bachman's Sparrow",34.8095,-94.1459,"//www.xeno-canto.org/33782/download","A",50,"Peucaea aestivalis"
"33516","Peucaea","aestivalis","illinoensis","Bachman's Sparrow",34.8095,-94.1459,"//www.xeno-canto.org/33516/download","A",123,"Peucaea aestivalis"
"179857","Aimophila","ruficeps","","Rufous-crowned Sparrow",37.1578,-103.261,"//www.xeno-canto.org/179857/download","A",3,"Aimophila ruficeps"
"141541","Aimophila","ruficeps","","Rufous-crowned Sparrow",29.8168,-99.5767,"//www.xeno-canto.org/141541/download","A",76,"Aimophila ruficeps"
"113411","Aimophila","ruficeps","","Rufous-crowned Sparrow",29.2534,-103.2898,"//www.xeno-canto.org/113411/download","A",63,"Aimophila ruficeps"
"109436","Aimophila","ruficeps","","Rufous-crowned Sparrow",29.2534,-103.2898,"//www.xeno-canto.org/109436/download","A",61,"Aimophila ruficeps"
"109435","Aimophila","ruficeps","","Rufous-crowned Sparrow",29.2512,-103.3098,"//www.xeno-canto.org/109435/download","A",69,"Aimophila ruficeps"
"71055","Aimophila","ruficeps","","Rufous-crowned Sparrow",29.269,-103.304,"//www.xeno-canto.org/71055/download","A",36,"Aimophila ruficeps"
"401312","Arremonops","rufivirgatus","","Olive Sparrow",26.1475,-97.9889,"//www.xeno-canto.org/401312/download","A",22,"Arremonops rufivirgatus"
"277785","Arremonops","rufivirgatus","","Olive Sparrow",26.1253,-97.9532,"//www.xeno-canto.org/277785/download","A",22,"Arremonops rufivirgatus"
"164248","Arremonops","rufivirgatus","","Olive Sparrow",26.5151,-99.1156,"//www.xeno-canto.org/164248/download","A",36,"Arremonops rufivirgatus"
"164243","Arremonops","rufivirgatus","","Olive Sparrow",26.2159,-97.3406,"//www.xeno-canto.org/164243/download","A",113,"Arremonops rufivirgatus"
"143930","Arremonops","rufivirgatus","rufivirgatus","Olive Sparrow",25.8501,-97.4169,"//www.xeno-canto.org/143930/download","A",16,"Arremonops rufivirgatus"
"143929","Arremonops","rufivirgatus","rufivirgatus","Olive Sparrow",25.8501,-97.4169,"//www.xeno-canto.org/143929/download","A",44,"Arremonops rufivirgatus"
"143928","Arremonops","rufivirgatus","rufivirgatus","Olive Sparrow",25.8501,-97.4169,"//www.xeno-canto.org/143928/download","A",50,"Arremonops rufivirgatus"
"125809","Arremonops","rufivirgatus","","Olive Sparrow",25.8571,-97.4328,"//www.xeno-canto.org/125809/download","A",20,"Arremonops rufivirgatus"
"121578","Arremonops","rufivirgatus","","Olive Sparrow",28.8705,-99.3999,"//www.xeno-canto.org/121578/download","A",6,"Arremonops rufivirgatus"
"216117","Icteria","virens","","Yellow-breasted Chat",32.1112,-93.4641,"//www.xeno-canto.org/216117/download","A",37,"Icteria virens"
"172744","Icteria","virens","","Yellow-breasted Chat",37.1388,-103.0875,"//www.xeno-canto.org/172744/download","A",40,"Icteria virens"
"109433","Icteria","virens","","Yellow-breasted Chat",29.1648,-103.617,"//www.xeno-canto.org/109433/download","A",13,"Icteria virens"
"109432","Icteria","virens","","Yellow-breasted Chat",29.2759,-103.3701,"//www.xeno-canto.org/109432/download","A",83,"Icteria virens"
"33537","Icteria","virens","","Yellow-breasted Chat",34.8095,-94.1459,"//www.xeno-canto.org/33537/download","A",56,"Icteria virens"
"33536","Icteria","virens","","Yellow-breasted Chat",34.8095,-94.1459,"//www.xeno-canto.org/33536/download","A",55,"Icteria virens"
"33535","Icteria","virens","","Yellow-breasted Chat",34.8095,-94.1459,"//www.xeno-canto.org/33535/download","A",23,"Icteria virens"
"453031","Sturnella","magna","","Eastern Meadowlark",26.0241,-97.4098,"//www.xeno-canto.org/453031/download","A",91,"Sturnella magna"
"416546","Sturnella","magna","","Eastern Meadowlark",29.592,-94.5562,"//www.xeno-canto.org/416546/download","A",67,"Sturnella magna"
"376495","Sturnella","magna","","Eastern Meadowlark",35.4004,-103.5254,"//www.xeno-canto.org/376495/download","A",35,"Sturnella magna"
"370382","Sturnella","magna","","Eastern Meadowlark",38.4314,-96.5608,"//www.xeno-canto.org/370382/download","A",101,"Sturnella magna"
"370243","Sturnella","magna","","Eastern Meadowlark",38.4716,-98.6727,"//www.xeno-canto.org/370243/download","A",58,"Sturnella magna"
"370242","Sturnella","magna","","Eastern Meadowlark",38.4716,-98.6727,"//www.xeno-canto.org/370242/download","A",95,"Sturnella magna"
"311866","Sturnella","magna","","Eastern Meadowlark",30.29,-92.898,"//www.xeno-canto.org/311866/download","A",106,"Sturnella magna"
"164065","Sturnella","magna","","Eastern Meadowlark",36.8461,-96.4229,"//www.xeno-canto.org/164065/download","A",109,"Sturnella magna"
"163997","Sturnella","magna","lilianae","Eastern Meadowlark",30.6271,-104.2764,"//www.xeno-canto.org/163997/download","A",120,"Sturnella magna"
"132665","Sturnella","magna","","Eastern Meadowlark",30.3563,-91.2327,"//www.xeno-canto.org/132665/download","A",104,"Sturnella magna"
"498956","Agelaius","phoeniceus","","Red-winged Blackbird",30.9717,-91.9923,"//www.xeno-canto.org/498956/download","A",85,"Agelaius phoeniceus"
"445901","Agelaius","phoeniceus","","Red-winged Blackbird",30.4161,-91.161,"//www.xeno-canto.org/445901/download","A",76,"Agelaius phoeniceus"
"152399","Agelaius","phoeniceus","","Red-winged Blackbird",29.771,-93.131,"//www.xeno-canto.org/152399/download","A",49,"Agelaius phoeniceus"
"121584","Agelaius","phoeniceus","","Red-winged Blackbird",35.9156,-100.2967,"//www.xeno-canto.org/121584/download","A",38,"Agelaius phoeniceus"
"77525","Agelaius","phoeniceus","","Red-winged Blackbird",29.758,-93.604,"//www.xeno-canto.org/77525/download","A",57,"Agelaius phoeniceus"
"452996","Quiscalus","mexicanus","","Great-tailed Grackle",26.5878,-99.1487,"//www.xeno-canto.org/452996/download","A",103,"Quiscalus mexicanus"
"443815","Quiscalus","mexicanus","","Great-tailed Grackle",33.1228,-97.0137,"//www.xeno-canto.org/443815/download","A",16,"Quiscalus mexicanus"
"304601","Quiscalus","mexicanus","","Great-tailed Grackle",27.0446,-99.4449,"//www.xeno-canto.org/304601/download","A",112,"Quiscalus mexicanus"
"208930","Quiscalus","mexicanus","","Great-tailed Grackle",26.1786,-98.387,"//www.xeno-canto.org/208930/download","A",83,"Quiscalus mexicanus"
"163159","Quiscalus","mexicanus","","Great-tailed Grackle",26.265,-97.3841,"//www.xeno-canto.org/163159/download","A",80,"Quiscalus mexicanus"
"109427","Leiothlypis","crissalis","","Colima Warbler",29.242,-103.3034,"//www.xeno-canto.org/109427/download","A",129,"Leiothlypis crissalis"
"109425","Leiothlypis","crissalis","","Colima Warbler",29.2437,-103.2928,"//www.xeno-canto.org/109425/download","A",40,"Leiothlypis crissalis"
"71050","Leiothlypis","crissalis","","Colima Warbler",29.2501,-103.3095,"//www.xeno-canto.org/71050/download","A",18,"Leiothlypis crissalis"
"34313","Leiothlypis","crissalis","","Colima Warbler",29.2512,-103.3098,"//www.xeno-canto.org/34313/download","A",32,"Leiothlypis crissalis"
"34312","Leiothlypis","crissalis","","Colima Warbler",29.2437,-103.2928,"//www.xeno-canto.org/34312/download","A",42,"Leiothlypis crissalis"
"34311","Leiothlypis","crissalis","","Colima Warbler",29.242,-103.3034,"//www.xeno-canto.org/34311/download","A",55,"Leiothlypis crissalis"
"34310","Leiothlypis","crissalis","","Colima Warbler",29.2512,-103.3098,"//www.xeno-canto.org/34310/download","A",27,"Leiothlypis crissalis"
"34249","Leiothlypis","crissalis","","Colima Warbler",29.2534,-103.2898,"//www.xeno-canto.org/34249/download","A",58,"Leiothlypis crissalis"
"27385","Leiothlypis","crissalis","","Colima Warbler",29.2551,-103.2976,"//www.xeno-canto.org/27385/download","A",41,"Leiothlypis crissalis"
"27382","Leiothlypis","crissalis","","Colima Warbler",29.2426,-103.2976,"//www.xeno-canto.org/27382/download","A",54,"Leiothlypis crissalis"
"27380","Leiothlypis","crissalis","","Colima Warbler",29.2426,-103.2976,"//www.xeno-canto.org/27380/download","A",107,"Leiothlypis crissalis"
"452752","Geothlypis","trichas","","Common Yellowthroat",26.0737,-98.1442,"//www.xeno-canto.org/452752/download","A",57,"Geothlypis trichas"
"416744","Geothlypis","trichas","","Common Yellowthroat",29.583,-94.5364,"//www.xeno-canto.org/416744/download","A",55,"Geothlypis trichas"
"416295","Geothlypis","trichas","","Common Yellowthroat",29.6464,-94.5444,"//www.xeno-canto.org/416295/download","A",45,"Geothlypis trichas"
"370241","Geothlypis","trichas","","Common Yellowthroat",38.4716,-98.6727,"//www.xeno-canto.org/370241/download","A",20,"Geothlypis trichas"
"368514","Geothlypis","trichas","","Common Yellowthroat",29.951,-93.079,"//www.xeno-canto.org/368514/download","A",82,"Geothlypis trichas"
"223421","Geothlypis","trichas","","Common Yellowthroat",35.4426,-94.9857,"//www.xeno-canto.org/223421/download","A",31,"Geothlypis trichas"
"100144","Geothlypis","trichas","","Common Yellowthroat",29.699,-93.948,"//www.xeno-canto.org/100144/download","A",73,"Geothlypis trichas"
"474045","Setophaga","citrina","","Hooded Warbler",30.8201,-91.2653,"//www.xeno-canto.org/474045/download","A",137,"Setophaga citrina"
"408866","Setophaga","citrina","","Hooded Warbler",31.0715,-91.513,"//www.xeno-canto.org/408866/download","A",26,"Setophaga citrina"
"178897","Setophaga","citrina","","Hooded Warbler",30.2363,-95.4862,"//www.xeno-canto.org/178897/download","A",26,"Setophaga citrina"
"98409","Setophaga","citrina","","Hooded Warbler",30.4101,-91.6739,"//www.xeno-canto.org/98409/download","A",39,"Setophaga citrina"
"33776","Setophaga","citrina","","Hooded Warbler",36.0403,-93.3406,"//www.xeno-canto.org/33776/download","A",49,"Setophaga citrina"
"33605","Setophaga","citrina","","Hooded Warbler",36.0403,-93.3406,"//www.xeno-canto.org/33605/download","A",50,"Setophaga citrina"
"33583","Setophaga","citrina","","Hooded Warbler",35.6826,-93.7862,"//www.xeno-canto.org/33583/download","A",52,"Setophaga citrina"
"147504","Setophaga","pitiayumi","","Tropical Parula",26.0737,-98.1442,"//www.xeno-canto.org/147504/download","A",132,"Setophaga pitiayumi"
"147503","Setophaga","pitiayumi","","Tropical Parula",26.0737,-98.1442,"//www.xeno-canto.org/147503/download","A",64,"Setophaga pitiayumi"
"100178","Setophaga","pitiayumi","","Tropical Parula",29.495493,-99.713738,"//www.xeno-canto.org/100178/download","A",94,"Setophaga pitiayumi"
"29781","Setophaga","pitiayumi","","Tropical Parula",29.5826,-99.7309,"//www.xeno-canto.org/29781/download","A",96,"Setophaga pitiayumi"
"29780","Setophaga","pitiayumi","","Tropical Parula",26.1376,-98.3314,"//www.xeno-canto.org/29780/download","A",116,"Setophaga pitiayumi"
"460438","Setophaga","dominica","","Yellow-throated Warbler",29.8235,-99.5773,"//www.xeno-canto.org/460438/download","A",19,"Setophaga dominica"
"404733","Setophaga","dominica","","Yellow-throated Warbler",29.4758,-100.2272,"//www.xeno-canto.org/404733/download","A",25,"Setophaga dominica"
"404731","Setophaga","dominica","","Yellow-throated Warbler",29.4758,-100.2272,"//www.xeno-canto.org/404731/download","A",40,"Setophaga dominica"
"141568","Setophaga","dominica","albilora","Yellow-throated Warbler",29.5826,-99.7309,"//www.xeno-canto.org/141568/download","A",22,"Setophaga dominica"
"141567","Setophaga","dominica","albilora","Yellow-throated Warbler",29.5826,-99.7309,"//www.xeno-canto.org/141567/download","A",46,"Setophaga dominica"
"34953","Setophaga","dominica","","Yellow-throated Warbler",29.7417,-100.3948,"//www.xeno-canto.org/34953/download","A",39,"Setophaga dominica"
"34878","Setophaga","dominica","","Yellow-throated Warbler",29.7417,-100.3948,"//www.xeno-canto.org/34878/download","A",81,"Setophaga dominica"
"33581","Setophaga","dominica","albilora","Yellow-throated Warbler",35.6826,-93.7862,"//www.xeno-canto.org/33581/download","A",15,"Setophaga dominica"
"33580","Setophaga","dominica","albilora","Yellow-throated Warbler",35.6826,-93.7862,"//www.xeno-canto.org/33580/download","A",57,"Setophaga dominica"
"13617","Setophaga","dominica","","Yellow-throated Warbler",38.0503,-102.6109,"//www.xeno-canto.org/13617/download","A",23,"Setophaga dominica"
"460671","Setophaga","chrysoparia","","Golden-cheeked Warbler",29.8235,-99.5773,"//www.xeno-canto.org/460671/download","A",23,"Setophaga chrysoparia"
"318594","Setophaga","chrysoparia","","Golden-cheeked Warbler",30.3223,-98.2558,"//www.xeno-canto.org/318594/download","A",42,"Setophaga chrysoparia"
"297557","Setophaga","chrysoparia","","Golden-cheeked Warbler",30.6338,-98.0695,"//www.xeno-canto.org/297557/download","A",3,"Setophaga chrysoparia"
"171977","Setophaga","chrysoparia","","Golden-cheeked Warbler",30.506,-97.9796,"//www.xeno-canto.org/171977/download","A",45,"Setophaga chrysoparia"
"152881","Setophaga","chrysoparia","","Golden-cheeked Warbler",30.0801,-99.5027,"//www.xeno-canto.org/152881/download","A",58,"Setophaga chrysoparia"
"152880","Setophaga","chrysoparia","","Golden-cheeked Warbler",30.0801,-99.5027,"//www.xeno-canto.org/152880/download","A",22,"Setophaga chrysoparia"
"64462","Setophaga","chrysoparia","","Golden-cheeked Warbler",30.399,-97.791,"//www.xeno-canto.org/64462/download","A",29,"Setophaga chrysoparia"
"34946","Setophaga","chrysoparia","","Golden-cheeked Warbler",29.7417,-100.3948,"//www.xeno-canto.org/34946/download","A",41,"Setophaga chrysoparia"
"34945","Setophaga","chrysoparia","","Golden-cheeked Warbler",29.7417,-100.3948,"//www.xeno-canto.org/34945/download","A",43,"Setophaga chrysoparia"
"34854","Setophaga","chrysoparia","","Golden-cheeked Warbler",29.7417,-100.3948,"//www.xeno-canto.org/34854/download","A",27,"Setophaga chrysoparia"
"34853","Setophaga","chrysoparia","","Golden-cheeked Warbler",29.7417,-100.3948,"//www.xeno-canto.org/34853/download","A",30,"Setophaga chrysoparia"
"34852","Setophaga","chrysoparia","","Golden-cheeked Warbler",29.7417,-100.3948,"//www.xeno-canto.org/34852/download","A",41,"Setophaga chrysoparia"
"432889","Piranga","rubra","","Summer Tanager",36.2961,-93.9719,"//www.xeno-canto.org/432889/download","A",84,"Piranga rubra"
"418650","Piranga","rubra","","Summer Tanager",30.8493,-94.1681,"//www.xeno-canto.org/418650/download","A",35,"Piranga rubra"
"412676","Piranga","rubra","","Summer Tanager",30.5938,-103.9387,"//www.xeno-canto.org/412676/download","A",16,"Piranga rubra"
"305063","Piranga","rubra","","Summer Tanager",30.0801,-99.5027,"//www.xeno-canto.org/305063/download","A",42,"Piranga rubra"
"123407","Piranga","rubra","rubra","Summer Tanager",29.6374,-98.6288,"//www.xeno-canto.org/123407/download","A",38,"Piranga rubra"
"71004","Piranga","rubra","","Summer Tanager",29.5826,-99.7309,"//www.xeno-canto.org/71004/download","A",24,"Piranga rubra"
"35098","Piranga","rubra","rubra","Summer Tanager",29.7417,-100.3948,"//www.xeno-canto.org/35098/download","A",90,"Piranga rubra"
"34882","Piranga","rubra","rubra","Summer Tanager",29.7417,-100.3948,"//www.xeno-canto.org/34882/download","A",51,"Piranga rubra"
"34824","Piranga","rubra","cooperi","Summer Tanager",31.912536,-104.878922,"//www.xeno-canto.org/34824/download","A",12,"Piranga rubra"
"33601","Piranga","rubra","rubra","Summer Tanager",34.8095,-94.1459,"//www.xeno-canto.org/33601/download","A",26,"Piranga rubra"
"33562","Piranga","rubra","rubra","Summer Tanager",34.8095,-94.1459,"//www.xeno-canto.org/33562/download","A",39,"Piranga rubra"
"21800","Piranga","rubra","","Summer Tanager",28.1137,-97.4228,"//www.xeno-canto.org/21800/download","A",10,"Piranga rubra"
"460604","Cardinalis","cardinalis","","Northern Cardinal",29.8235,-99.5773,"//www.xeno-canto.org/460604/download","A",49,"Cardinalis cardinalis"
"456487","Cardinalis","cardinalis","","Northern Cardinal",38.069,-102.615,"//www.xeno-canto.org/456487/download","A",7,"Cardinalis cardinalis"
"418321","Cardinalis","cardinalis","","Northern Cardinal",30.8169,-94.1521,"//www.xeno-canto.org/418321/download","A",67,"Cardinalis cardinalis"
"375382","Cardinalis","cardinalis","","Northern Cardinal",35.3535,-103.4515,"//www.xeno-canto.org/375382/download","A",34,"Cardinalis cardinalis"
"356015","Cardinalis","cardinalis","","Northern Cardinal",38.069,-102.615,"//www.xeno-canto.org/356015/download","A",19,"Cardinalis cardinalis"
"317266","Cardinalis","cardinalis","","Northern Cardinal",38.069,-102.615,"//www.xeno-canto.org/317266/download","A",50,"Cardinalis cardinalis"
"285316","Cardinalis","cardinalis","","Northern Cardinal",26.1762,-98.3862,"//www.xeno-canto.org/285316/download","A",102,"Cardinalis cardinalis"
"235432","Cardinalis","cardinalis","","Northern Cardinal",29.5982,-95.5887,"//www.xeno-canto.org/235432/download","A",33,"Cardinalis cardinalis"
"220402","Cardinalis","cardinalis","","Northern Cardinal",35.4426,-94.9857,"//www.xeno-canto.org/220402/download","A",38,"Cardinalis cardinalis"
"220401","Cardinalis","cardinalis","","Northern Cardinal",35.4426,-94.9857,"//www.xeno-canto.org/220401/download","A",41,"Cardinalis cardinalis"
"56227","Cardinalis","cardinalis","","Northern Cardinal",29.649,-95.014,"//www.xeno-canto.org/56227/download","A",51,"Cardinalis cardinalis"
"416423","Spiza","americana","","Dickcissel",29.6023,-94.529,"//www.xeno-canto.org/416423/download","A",106,"Spiza americana"
"370381","Spiza","americana","","Dickcissel",38.1589,-98.3762,"//www.xeno-canto.org/370381/download","A",119,"Spiza americana"
"306665","Spiza","americana","","Dickcissel",27.3658,-97.7442,"//www.xeno-canto.org/306665/download","A",115,"Spiza americana"
"306645","Spiza","americana","","Dickcissel",27.3658,-97.7442,"//www.xeno-canto.org/306645/download","A",26,"Spiza americana"
"306636","Spiza","americana","","Dickcissel",33.734,-94.648,"//www.xeno-canto.org/306636/download","A",116,"Spiza americana"
"306616","Spiza","americana","","Dickcissel",38.167,-98.4952,"//www.xeno-canto.org/306616/download","A",46,"Spiza americana"
"306604","Spiza","americana","","Dickcissel",38.167,-98.4952,"//www.xeno-canto.org/306604/download","A",56,"Spiza americana"
"229825","Spiza","americana","","Dickcissel",35.3904,-94.4822,"//www.xeno-canto.org/229825/download","A",27,"Spiza americana"
"229824","Spiza","americana","","Dickcissel",35.3904,-94.4822,"//www.xeno-canto.org/229824/download","A",20,"Spiza americana"
"131719","Spiza","americana","","Dickcissel",30.2334,-97.6382,"//www.xeno-canto.org/131719/download","A",31,"Spiza americana"
"131716","Spiza","americana","","Dickcissel",30.2334,-97.6382,"//www.xeno-canto.org/131716/download","A",87,"Spiza americana"
"3988","Spiza","americana","","Dickcissel",37.956109,-102.39463,"//www.xeno-canto.org/3988/download","A",22,"Spiza americana"
"321825","Passerina","amoena","","Lazuli Bunting",37.1355,-103.0156,"//www.xeno-canto.org/321825/download","A",23,"Passerina amoena"
"321812","Passerina","amoena","","Lazuli Bunting",37.1355,-103.0156,"//www.xeno-canto.org/321812/download","A",65,"Passerina amoena"
"321807","Passerina","amoena","","Lazuli Bunting",37.1355,-103.0156,"//www.xeno-canto.org/321807/download","A",55,"Passerina amoena"
"172660","Passerina","amoena","","Lazuli Bunting",37.1388,-103.0875,"//www.xeno-canto.org/172660/download","A",92,"Passerina amoena"
"172659","Passerina","amoena","","Lazuli Bunting",37.1388,-103.0875,"//www.xeno-canto.org/172659/download","A",127,"Passerina amoena"
"489356","Passerina","ciris","","Painted Bunting",30.0907,-97.8439,"//www.xeno-canto.org/489356/download","A",20,"Passerina ciris"
"489355","Passerina","ciris","","Painted Bunting",30.0907,-97.8439,"//www.xeno-canto.org/489355/download","A",20,"Passerina ciris"
"404576","Passerina","ciris","","Painted Bunting",29.2834,-100.3724,"//www.xeno-canto.org/404576/download","A",31,"Passerina ciris"
"324360","Passerina","ciris","","Painted Bunting",32.0739,-95.9312,"//www.xeno-canto.org/324360/download","A",85,"Passerina ciris"
"277367","Passerina","ciris","","Painted Bunting",26.5647,-99.1269,"//www.xeno-canto.org/277367/download","A",78,"Passerina ciris"
"277012","Passerina","ciris","","Painted Bunting",26.5151,-99.1156,"//www.xeno-canto.org/277012/download","A",47,"Passerina ciris"
"175528","Passerina","ciris","","Painted Bunting",30.347,-91.218,"//www.xeno-canto.org/175528/download","A",115,"Passerina ciris"
"172753","Passerina","ciris","","Painted Bunting",37.1388,-103.0875,"//www.xeno-canto.org/172753/download","A",38,"Passerina ciris"
"141536","Passerina","ciris","pallidior","Painted Bunting",30.0801,-99.5027,"//www.xeno-canto.org/141536/download","A",25,"Passerina ciris"
"141535","Passerina","ciris","pallidior","Painted Bunting",29.6209,-98.6283,"//www.xeno-canto.org/141535/download","A",19,"Passerina ciris"
"141534","Passerina","ciris","pallidior","Painted Bunting",29.6374,-98.6288,"//www.xeno-canto.org/141534/download","A",41,"Passerina ciris"
"141533","Passerina","ciris","pallidior","Painted Bunting",29.6374,-98.6288,"//www.xeno-canto.org/141533/download","A",15,"Passerina ciris"
"34578","Passerina","ciris","","Painted Bunting",29.1823,-102.9595,"//www.xeno-canto.org/34578/download","A",44,"Passerina ciris"
"21737","Passerina","ciris","","Painted Bunting",28.1137,-97.4228,"//www.xeno-canto.org/21737/download","A",72,"Passerina ciris"
"21736","Passerina","ciris","","Painted Bunting",28.1137,-97.4228,"//www.xeno-canto.org/21736/download","A",68,"Passerina ciris"
